{
  "project_info": {
    "project_number": "721414446237",
    "project_id": "appfit-ecae4",
    "storage_bucket": "appfit-ecae4.firebasestorage.app"
  },
  "client": [
    {
      "client_info": {
        "mobilesdk_app_id": "1:721414446237:android:17f8566fbca77268130874",
        "android_client_info": {
          "package_name": "lifetrack.app"
        }
      },
      "oauth_client": [],
      "api_key": [
        {
          "current_key": "AIzaSyCVvzHZuYbb5kDsaIDHP9bOfrF1G6fH1tM"
        }
      ],
      "services": {
        "appinvite_service": {
          "other_platform_oauth_client": []
        }
      }
    }
  ],
  "configuration_version": "1"
}